{
    "keep": {
        "days": false,
        "amount": 30
    },
    "auditLog": "C:\\Users\\pc\\Desktop\\project\\virtual-account\\back\\logs\\.1eac7151ac1e26818bbb18ff55cf8eda9beb1e6f-audit.json",
    "files": [
        {
            "date": 1716529144099,
            "name": "C:\\Users\\pc\\Desktop\\project\\virtual-account\\back\\logs\\2024-05-24.exception.log",
            "hash": "ed0c5c823ab6cbf44fba864b47ab6801a61065925c0f67a26467a1696ce5a403"
        },
        {
            "date": 1716630946424,
            "name": "C:\\Users\\pc\\Desktop\\project\\virtual-account\\back\\logs\\2024-05-25.exception.log",
            "hash": "80d4dc72347a8ed217104d504a08266c00bd3f6806a89e83cd6ac059c65e67f2"
        },
        {
            "date": 1716975555500,
            "name": "C:\\Users\\pc\\Desktop\\project\\virtual-account\\back\\logs\\2024-05-29.exception.log",
            "hash": "753619b93f7b6b1da7b2845b3672e158a418344c54a689dde2a0d1d24dde65ac"
        },
        {
            "date": 1717329604682,
            "name": "C:\\Users\\pc\\Desktop\\project\\virtual-account\\back\\logs\\2024-06-02.exception.log",
            "hash": "99676ee6132cb77303300e39c7b091b70dd7e927d8cf52c61136298c02003c19"
        },
        {
            "date": 1717342603734,
            "name": "C:\\Users\\pc\\Desktop\\project\\virtual-account\\back\\logs\\2024-06-03.exception.log",
            "hash": "625875f85733c0859b3dae68b9c45f600b5ce8ebc4261863ceabf213a708e3ba"
        },
        {
            "date": 1717479506099,
            "name": "C:\\Users\\pc\\Desktop\\project\\virtual-account\\back\\logs\\2024-06-04.exception.log",
            "hash": "7dafcdf1f15b75d8d3a4558e1d19b5f084924744b58bd5c5328cc18f8e0cd948"
        },
        {
            "date": 1717526214233,
            "name": "C:\\Users\\pc\\Desktop\\project\\virtual-account\\back\\logs\\2024-06-05.exception.log",
            "hash": "81eb325e26db046a0a6d59fb5aef7ae605ce0a707eebc7424633d0df213d5146"
        },
        {
            "date": 1717606869292,
            "name": "C:\\Users\\pc\\Desktop\\project\\virtual-account\\back\\logs\\2024-06-06.exception.log",
            "hash": "382506b78a388fd2edb30cae78b12feeb5c9e65352ee4edc1f6665bf080a27e2"
        },
        {
            "date": 1717736558884,
            "name": "C:\\Users\\pc\\Desktop\\project\\virtual-account\\back\\logs\\2024-06-07.exception.log",
            "hash": "921bd1ef3285a292b72b17922a143b20ed9e52eb1547e7ffad369fc3f9d1d981"
        },
        {
            "date": 1717789838190,
            "name": "C:\\Users\\pc\\Desktop\\project\\virtual-account\\back\\logs\\2024-06-08.exception.log",
            "hash": "0a58bad401920238d65d984695b9cffe2113c0d3f3d4fddb89026762639b86e3"
        },
        {
            "date": 1717877533557,
            "name": "C:\\Users\\pc\\Desktop\\project\\virtual-account\\back\\logs\\2024-06-09.exception.log",
            "hash": "02c6355cae8e6eb8e06494be23041043945da90d8e6946592e60f610919d0cde"
        },
        {
            "date": 1717947390867,
            "name": "C:\\Users\\pc\\Desktop\\project\\virtual-account\\back\\logs\\2024-06-10.exception.log",
            "hash": "9a8f6ad02f079b27a1a1c076dfcf0c6bd9fe17968414f5f9dc744c248d14ca31"
        },
        {
            "date": 1718131024638,
            "name": "C:\\Users\\pc\\Desktop\\project\\virtual-account\\back\\logs\\2024-06-12.exception.log",
            "hash": "d1f7a276cb2db1afb6892488f33c488b44d75fa9e6540e6eb5caf7c5becc3548"
        },
        {
            "date": 1718606609676,
            "name": "C:\\Users\\pc\\Desktop\\project\\virtual-account\\back\\logs\\2024-06-17.exception.log",
            "hash": "44300f86fe7816e30de281283f619b5b076784c64be9ec7a8306c768b878ce42"
        },
        {
            "date": 1718642259925,
            "name": "C:\\Users\\pc\\Desktop\\project\\virtual-account\\back\\logs\\2024-06-18.exception.log",
            "hash": "23791b77cfb7d10f88514d0be8ba4188e9e980622981a98bf725acba4c2ef5be"
        },
        {
            "date": 1719330103833,
            "name": "C:\\Users\\pc\\Desktop\\project\\virtual-account\\back\\logs\\2024-06-26.exception.log",
            "hash": "f6a2a00b1302caea31477148705a60c3be77341a7fd52a7ab73c8aae615b1b2f"
        }
    ],
    "hashType": "sha256"
}