{
    "keep": {
        "days": false,
        "amount": 30
    },
    "auditLog": "C:\\Users\\pc\\Desktop\\project\\virtual-account\\back\\logs\\.4963c48320c1dbf3e2c8b8c603d6d223e2eb57ee-audit.json",
    "files": [
        {
            "date": 1716529144092,
            "name": "C:\\Users\\pc\\Desktop\\project\\virtual-account\\back\\logs\\2024-05-24.log",
            "hash": "b4086f175699a2cc1fbbe3857b1807fa0438c8bd5bcfbb92e9ec918fceb18941"
        },
        {
            "date": 1716630946418,
            "name": "C:\\Users\\pc\\Desktop\\project\\virtual-account\\back\\logs\\2024-05-25.log",
            "hash": "8d4495d4a3c08711d68b5d6f8237d0da07ebb6f658664693ea1b4a9d841c34d6"
        },
        {
            "date": 1716975555492,
            "name": "C:\\Users\\pc\\Desktop\\project\\virtual-account\\back\\logs\\2024-05-29.log",
            "hash": "c6830b2d25c86369f6d6c61058f5aa1111f46c999aafd1214a2c453a58204539"
        },
        {
            "date": 1717329604676,
            "name": "C:\\Users\\pc\\Desktop\\project\\virtual-account\\back\\logs\\2024-06-02.log",
            "hash": "26b6f0e46847a42f7c24d928f7c3f8ed433f94d7829cc5e687bee08339344f2a"
        },
        {
            "date": 1717342603726,
            "name": "C:\\Users\\pc\\Desktop\\project\\virtual-account\\back\\logs\\2024-06-03.log",
            "hash": "cf3f1dfa1915353bf385dcc28550c277d0233e33f77cb37e93634b7fd91845c6"
        },
        {
            "date": 1717479506093,
            "name": "C:\\Users\\pc\\Desktop\\project\\virtual-account\\back\\logs\\2024-06-04.log",
            "hash": "2584fcc826b0c41281550400c9c48fe45d3737d5a8c386ed5c50a78bb27a245b"
        },
        {
            "date": 1717564244886,
            "name": "C:\\Users\\pc\\Desktop\\project\\virtual-account\\back\\logs\\2024-06-05.log",
            "hash": "cb6e150cc29aeaebfd5e37a14c352f1c2ac33eb870c5e57f0a4564a2d2254f2d"
        },
        {
            "date": 1717736558874,
            "name": "C:\\Users\\pc\\Desktop\\project\\virtual-account\\back\\logs\\2024-06-07.log",
            "hash": "7fbe8cc29f97c5b4c6caed1f7aca0db6d03b1ec0441ed2d91677289c9bc67763"
        },
        {
            "date": 1717848665316,
            "name": "C:\\Users\\pc\\Desktop\\project\\virtual-account\\back\\logs\\2024-06-08.log",
            "hash": "dceb16e3cac6139fe939556850aaf0c0f4385bc004db104d1e955bd58d1e2d72"
        },
        {
            "date": 1717917574490,
            "name": "C:\\Users\\pc\\Desktop\\project\\virtual-account\\back\\logs\\2024-06-09.log",
            "hash": "5d0dae292a62ec9cdb0b00587d657d15269d1c2ce97e77a46f86a5de43a833af"
        },
        {
            "date": 1718029169715,
            "name": "C:\\Users\\pc\\Desktop\\project\\virtual-account\\back\\logs\\2024-06-10.log",
            "hash": "48c7a21b61a34393c5914dc43fa4257b431fed655504020b4252c6f838c42467"
        },
        {
            "date": 1718131024630,
            "name": "C:\\Users\\pc\\Desktop\\project\\virtual-account\\back\\logs\\2024-06-12.log",
            "hash": "e54aa18ad16f140755fc66f252033763aab849ee3be9bbc4ff6f954f79ac6275"
        },
        {
            "date": 1718606609667,
            "name": "C:\\Users\\pc\\Desktop\\project\\virtual-account\\back\\logs\\2024-06-17.log",
            "hash": "51c1619ea6d7a406e06babbecd2b3f8b92447e20f9683c9abf89aa44a4c16891"
        },
        {
            "date": 1718645512755,
            "name": "C:\\Users\\pc\\Desktop\\project\\virtual-account\\back\\logs\\2024-06-18.log",
            "hash": "66e9b8b8adc7e057c2b24917143f55d52d34b13be950ee677ec862f35beda604"
        },
        {
            "date": 1719330103826,
            "name": "C:\\Users\\pc\\Desktop\\project\\virtual-account\\back\\logs\\2024-06-26.log",
            "hash": "4d182af25cc61be599134d4d2d9538888a558e1095a54cd6a2f6303b7014db6e"
        }
    ],
    "hashType": "sha256"
}