{
    "keep": {
        "days": false,
        "amount": 30
    },
    "auditLog": "C:\\Users\\pc\\Desktop\\project\\virtual-account\\back\\logs\\error\\.f4d1c304c73b570b4326f07771df377f933de7a3-audit.json",
    "files": [
        {
            "date": 1716529144096,
            "name": "C:\\Users\\pc\\Desktop\\project\\virtual-account\\back\\logs\\error\\2024-05-24.error.log",
            "hash": "72e5f4ea2e9d7a3ad8c8d2b0a3e4a8ae038e34118776019e68a442b84bd325c4"
        },
        {
            "date": 1716630946422,
            "name": "C:\\Users\\pc\\Desktop\\project\\virtual-account\\back\\logs\\error\\2024-05-25.error.log",
            "hash": "5800394513578893e96075b3370a9ffd17fbb3ad894e4c64539eccfd7c31a0db"
        },
        {
            "date": 1716975555496,
            "name": "C:\\Users\\pc\\Desktop\\project\\virtual-account\\back\\logs\\error\\2024-05-29.error.log",
            "hash": "4ef92fe44dd11bce1d54bffc24ad06fc94b6717d46c75f810598aa72c3c8476f"
        },
        {
            "date": 1717329604680,
            "name": "C:\\Users\\pc\\Desktop\\project\\virtual-account\\back\\logs\\error\\2024-06-02.error.log",
            "hash": "185a460bf1f0e511334c354efbb030e1f218a1bf23a81bdb3b0fddd1012bd8d7"
        },
        {
            "date": 1717342603731,
            "name": "C:\\Users\\pc\\Desktop\\project\\virtual-account\\back\\logs\\error\\2024-06-03.error.log",
            "hash": "4fea08bb2f2045dd1a1fbd29d9a30ffa54cdef1947e1860232067d02140a1a17"
        },
        {
            "date": 1717479506097,
            "name": "C:\\Users\\pc\\Desktop\\project\\virtual-account\\back\\logs\\error\\2024-06-04.error.log",
            "hash": "b284529f512d72884204db1655333329ac0f337eb85fa9fecea3efb9080443e6"
        },
        {
            "date": 1717564244890,
            "name": "C:\\Users\\pc\\Desktop\\project\\virtual-account\\back\\logs\\error\\2024-06-05.error.log",
            "hash": "9e53e01ef5a3c8b4ada1366d9fc4b4dbe72ced86c5a74dba553cf0ececd46146"
        },
        {
            "date": 1717736558880,
            "name": "C:\\Users\\pc\\Desktop\\project\\virtual-account\\back\\logs\\error\\2024-06-07.error.log",
            "hash": "5e52696757ab6bcbdd70974e39fc2f96b913a073374acb0dfa6aaf7d276e15bd"
        },
        {
            "date": 1717848665321,
            "name": "C:\\Users\\pc\\Desktop\\project\\virtual-account\\back\\logs\\error\\2024-06-08.error.log",
            "hash": "1983f6720496002de47364dbae9c5e3b0594fca3232ce6f4a39b0282a9ef330a"
        },
        {
            "date": 1717917574495,
            "name": "C:\\Users\\pc\\Desktop\\project\\virtual-account\\back\\logs\\error\\2024-06-09.error.log",
            "hash": "554c1c6f6797aec5ad78f30d9df755a5ebef2bb3e4b6773578abf7a3b82b3053"
        },
        {
            "date": 1718029169720,
            "name": "C:\\Users\\pc\\Desktop\\project\\virtual-account\\back\\logs\\error\\2024-06-10.error.log",
            "hash": "a205c3ad764127df6f393de2d7ac6a4689a019401bab47ee8a9886af288fd027"
        },
        {
            "date": 1718131024634,
            "name": "C:\\Users\\pc\\Desktop\\project\\virtual-account\\back\\logs\\error\\2024-06-12.error.log",
            "hash": "a7f426738021c97b4c1771eefc041ae65b7255e76e53dcceb53d3df4fbdb89b7"
        },
        {
            "date": 1718606609671,
            "name": "C:\\Users\\pc\\Desktop\\project\\virtual-account\\back\\logs\\error\\2024-06-17.error.log",
            "hash": "f4accea54941be6d90fd979e748333323fd5c0bf84a57bb75740895ed2feb034"
        },
        {
            "date": 1718645512759,
            "name": "C:\\Users\\pc\\Desktop\\project\\virtual-account\\back\\logs\\error\\2024-06-18.error.log",
            "hash": "9a7f5902eeb07b8de47f95bb9779d468e09b30543d0117b3f428e73ac0259ccc"
        },
        {
            "date": 1719330103829,
            "name": "C:\\Users\\pc\\Desktop\\project\\virtual-account\\back\\logs\\error\\2024-06-26.error.log",
            "hash": "58de751ce8fb9db8d31ebeb971d2c43989712145ae331a342db0cd147471ce7f"
        }
    ],
    "hashType": "sha256"
}